row,column,cor,p
Otu000090,Otu000127,1,0
Otu000123,Otu000173,1,0
Otu000152,Otu000175,1,0
Otu000090,Otu000217,1,0
Otu000127,Otu000217,1,0
Otu000123,Otu000235,1,0
Otu000173,Otu000235,1,0
Otu000086,Otu000239,1,0
Otu000177,Otu000241,1,0
Otu000177,Otu000260,1,0
Otu000241,Otu000260,1,0
Otu000209,Otu000266,1,0
Otu000086,Otu000285,1,0
Otu000239,Otu000285,1,0
Otu000328,Otu000361,1,0
Otu000185,Otu000362,1,0
Otu000152,Otu000363,1,0
Otu000175,Otu000363,1,0
Otu000152,Otu000364,1,0
Otu000175,Otu000364,1,0
Otu000363,Otu000364,1,0
Otu000162,Otu000391,1,0
Otu000195,Otu000393,1,0
Otu000328,Otu000395,1,0
Otu000361,Otu000395,1,0
Otu000274,Otu000404,1,0
Otu000306,Otu000405,1,0
Otu000152,Otu000406,1,0
Otu000175,Otu000406,1,0
Otu000363,Otu000406,1,0
Otu000364,Otu000406,1,0
Otu000195,Otu000423,1,0
Otu000393,Otu000423,1,0
Otu000274,Otu000448,1,0
Otu000404,Otu000448,1,0
Otu000376,Otu000452,1,0
Otu000274,Otu000463,1,0
Otu000404,Otu000463,1,0
Otu000448,Otu000463,1,0
Otu000376,Otu000472,1,0
Otu000452,Otu000472,1,0
Otu000290,Otu000476,1,0
Otu000445,Otu000481,1,0
Otu000412,Otu000494,1,0
Otu000473,Otu000497,1,0
Otu000376,Otu000503,1,0
Otu000452,Otu000503,1,0
Otu000472,Otu000503,1,0
Otu000177,Otu000511,1,0
Otu000241,Otu000511,1,0
Otu000260,Otu000511,1,0
Otu000403,Otu000514,1,0
Otu000316,Otu000525,1,0
Otu000376,Otu000546,1,0
Otu000452,Otu000546,1,0
Otu000472,Otu000546,1,0
Otu000503,Otu000546,1,0
Otu000316,Otu000547,1,0
Otu000525,Otu000547,1,0
Otu000274,Otu000549,1,0
Otu000404,Otu000549,1,0
Otu000448,Otu000549,1,0
Otu000463,Otu000549,1,0
Otu000199,Otu000561,1,0
Otu000376,Otu000564,1,0
Otu000452,Otu000564,1,0
Otu000472,Otu000564,1,0
Otu000503,Otu000564,1,0
Otu000546,Otu000564,1,0
Otu000513,Otu000567,1,0
Otu000090,Otu000572,1,0
Otu000127,Otu000572,1,0
Otu000217,Otu000572,1,0
Otu000376,Otu000573,1,0
Otu000452,Otu000573,1,0
Otu000472,Otu000573,1,0
Otu000503,Otu000573,1,0
Otu000546,Otu000573,1,0
Otu000564,Otu000573,1,0
Otu000445,Otu000574,1,0
Otu000481,Otu000574,1,0
Otu000202,Otu000590,1,0
Otu000466,Otu000591,1,0
Otu000202,Otu000592,1,0
Otu000590,Otu000592,1,0
Otu000371,Otu000593,1,0
Otu000316,Otu000599,1,0
Otu000525,Otu000599,1,0
Otu000547,Otu000599,1,0
Otu000586,Otu000600,1,0
Otu000396,Otu000603,1,0
Otu000199,Otu000612,1,0
Otu000561,Otu000612,1,0
Otu000586,Otu000620,1,0
Otu000600,Otu000620,1,0
Otu000394,Otu000623,1,0
Otu000274,Otu000630,1,0
Otu000404,Otu000630,1,0
Otu000448,Otu000630,1,0
Otu000463,Otu000630,1,0
Otu000549,Otu000630,1,0
Otu000209,Otu000646,1,0
Otu000266,Otu000646,1,0
Otu000306,Otu000647,1,0
Otu000405,Otu000647,1,0
Otu000171,Otu000651,1,0
Otu000376,Otu000652,1,0
Otu000452,Otu000652,1,0
Otu000472,Otu000652,1,0
Otu000503,Otu000652,1,0
Otu000546,Otu000652,1,0
Otu000564,Otu000652,1,0
Otu000573,Otu000652,1,0
Otu000394,Otu000653,1,0
Otu000623,Otu000653,1,0
Otu000274,Otu000662,1,0
Otu000404,Otu000662,1,0
Otu000448,Otu000662,1,0
Otu000463,Otu000662,1,0
Otu000549,Otu000662,1,0
Otu000630,Otu000662,1,0
Otu000316,Otu000663,1,0
Otu000525,Otu000663,1,0
Otu000547,Otu000663,1,0
Otu000599,Otu000663,1,0
Otu000152,Otu000670,1,0
Otu000175,Otu000670,1,0
Otu000363,Otu000670,1,0
Otu000364,Otu000670,1,0
Otu000406,Otu000670,1,0
Otu000586,Otu000675,1,0
Otu000600,Otu000675,1,0
Otu000620,Otu000675,1,0
Otu000466,Otu000680,1,0
Otu000591,Otu000680,1,0
Otu000202,Otu000682,1,0
Otu000590,Otu000682,1,0
Otu000592,Otu000682,1,0
Otu000538,Otu000686,1,0
Otu000378,Otu000687,1,0
Otu000529,Otu000702,1,0
Otu000586,Otu000711,1,0
Otu000600,Otu000711,1,0
Otu000620,Otu000711,1,0
Otu000675,Otu000711,1,0
Otu000274,Otu000716,1,0
Otu000404,Otu000716,1,0
Otu000448,Otu000716,1,0
Otu000463,Otu000716,1,0
Otu000549,Otu000716,1,0
Otu000630,Otu000716,1,0
Otu000662,Otu000716,1,0
Otu000412,Otu000733,1,0
Otu000494,Otu000733,1,0
Otu000376,Otu000747,1,0
Otu000452,Otu000747,1,0
Otu000472,Otu000747,1,0
Otu000503,Otu000747,1,0
Otu000546,Otu000747,1,0
Otu000564,Otu000747,1,0
Otu000573,Otu000747,1,0
Otu000652,Otu000747,1,0
Otu000316,Otu000752,1,0
Otu000525,Otu000752,1,0
Otu000547,Otu000752,1,0
Otu000599,Otu000752,1,0
Otu000663,Otu000752,1,0
Otu000209,Otu000761,1,0
Otu000266,Otu000761,1,0
Otu000646,Otu000761,1,0
Otu000586,Otu000772,1,0
Otu000600,Otu000772,1,0
Otu000620,Otu000772,1,0
Otu000675,Otu000772,1,0
Otu000711,Otu000772,1,0
Otu000586,Otu000775,1,0
Otu000600,Otu000775,1,0
Otu000620,Otu000775,1,0
Otu000675,Otu000775,1,0
Otu000711,Otu000775,1,0
Otu000772,Otu000775,1,0
Otu000317,Otu000779,1,0
Otu000376,Otu000808,1,0
Otu000452,Otu000808,1,0
Otu000472,Otu000808,1,0
Otu000503,Otu000808,1,0
Otu000546,Otu000808,1,0
Otu000564,Otu000808,1,0
Otu000573,Otu000808,1,0
Otu000652,Otu000808,1,0
Otu000747,Otu000808,1,0
Otu000199,Otu000815,1,0
Otu000561,Otu000815,1,0
Otu000612,Otu000815,1,0
Otu000274,Otu000820,1,0
Otu000404,Otu000820,1,0
Otu000448,Otu000820,1,0
Otu000463,Otu000820,1,0
Otu000549,Otu000820,1,0
Otu000630,Otu000820,1,0
Otu000662,Otu000820,1,0
Otu000716,Otu000820,1,0
Otu000267,Otu000825,1,0
Otu000177,Otu000828,1,0
Otu000241,Otu000828,1,0
Otu000260,Otu000828,1,0
Otu000511,Otu000828,1,0
Otu000492,Otu000832,1,0
Otu000586,Otu000840,1,0
Otu000600,Otu000840,1,0
Otu000620,Otu000840,1,0
Otu000675,Otu000840,1,0
Otu000711,Otu000840,1,0
Otu000772,Otu000840,1,0
Otu000775,Otu000840,1,0
Otu000162,Otu000842,1,0
Otu000391,Otu000842,1,0
Otu000538,Otu000844,1,0
Otu000686,Otu000844,1,0
Otu000123,Otu000846,1,0
Otu000173,Otu000846,1,0
Otu000235,Otu000846,1,0
Otu000713,Otu000847,1,0
Otu000274,Otu000857,1,0
Otu000404,Otu000857,1,0
Otu000448,Otu000857,1,0
Otu000463,Otu000857,1,0
Otu000549,Otu000857,1,0
Otu000630,Otu000857,1,0
Otu000662,Otu000857,1,0
Otu000716,Otu000857,1,0
Otu000820,Otu000857,1,0
Otu000764,Otu000864,1,0
Otu000649,Otu000866,1,0
Otu000199,Otu000868,1,0
Otu000561,Otu000868,1,0
Otu000612,Otu000868,1,0
Otu000815,Otu000868,1,0
Otu000316,Otu000895,1,0
Otu000525,Otu000895,1,0
Otu000547,Otu000895,1,0
Otu000599,Otu000895,1,0
Otu000663,Otu000895,1,0
Otu000752,Otu000895,1,0
Otu000123,Otu000899,1,0
Otu000173,Otu000899,1,0
Otu000235,Otu000899,1,0
Otu000846,Otu000899,1,0
Otu000649,Otu000912,1,0
Otu000866,Otu000912,1,0
Otu000466,Otu000917,1,0
Otu000591,Otu000917,1,0
Otu000680,Otu000917,1,0
Otu000538,Otu000918,1,0
Otu000686,Otu000918,1,0
Otu000844,Otu000918,1,0
Otu000274,Otu000926,1,0
Otu000404,Otu000926,1,0
Otu000448,Otu000926,1,0
Otu000463,Otu000926,1,0
Otu000549,Otu000926,1,0
Otu000630,Otu000926,1,0
Otu000662,Otu000926,1,0
Otu000716,Otu000926,1,0
Otu000820,Otu000926,1,0
Otu000857,Otu000926,1,0
Otu000294,Otu000927,1,0
Otu000202,Otu000928,1,0
Otu000590,Otu000928,1,0
Otu000592,Otu000928,1,0
Otu000682,Otu000928,1,0
Otu000538,Otu000950,1,0
Otu000686,Otu000950,1,0
Otu000844,Otu000950,1,0
Otu000918,Otu000950,1,0
Otu000586,Otu000953,1,0
Otu000600,Otu000953,1,0
Otu000620,Otu000953,1,0
Otu000675,Otu000953,1,0
Otu000711,Otu000953,1,0
Otu000772,Otu000953,1,0
Otu000775,Otu000953,1,0
Otu000840,Otu000953,1,0
Otu000162,Otu000955,1,0
Otu000391,Otu000955,1,0
Otu000842,Otu000955,1,0
Otu000234,Otu000964,1,0
Otu000371,Otu000970,1,0
Otu000593,Otu000970,1,0
Otu000619,Otu000977,1,0
Otu000376,Otu000994,1,0
Otu000452,Otu000994,1,0
Otu000472,Otu000994,1,0
Otu000503,Otu000994,1,0
Otu000546,Otu000994,1,0
Otu000564,Otu000994,1,0
Otu000573,Otu000994,1,0
Otu000652,Otu000994,1,0
Otu000747,Otu000994,1,0
Otu000808,Otu000994,1,0
Otu000274,Otu000995,1,0
Otu000404,Otu000995,1,0
Otu000448,Otu000995,1,0
Otu000463,Otu000995,1,0
Otu000549,Otu000995,1,0
Otu000630,Otu000995,1,0
Otu000662,Otu000995,1,0
Otu000716,Otu000995,1,0
Otu000820,Otu000995,1,0
Otu000857,Otu000995,1,0
Otu000926,Otu000995,1,0
Otu000269,Otu001016,1,0
Otu000492,Otu001018,1,0
Otu000832,Otu001018,1,0
Otu000586,Otu001074,1,0
Otu000600,Otu001074,1,0
Otu000620,Otu001074,1,0
Otu000675,Otu001074,1,0
Otu000711,Otu001074,1,0
Otu000772,Otu001074,1,0
Otu000775,Otu001074,1,0
Otu000840,Otu001074,1,0
Otu000953,Otu001074,1,0
Otu000538,Otu001088,1,0
Otu000686,Otu001088,1,0
Otu000844,Otu001088,1,0
Otu000918,Otu001088,1,0
Otu000950,Otu001088,1,0
Otu000784,Otu001098,1,0
Otu000586,Otu001103,1,0
Otu000600,Otu001103,1,0
Otu000620,Otu001103,1,0
Otu000675,Otu001103,1,0
Otu000711,Otu001103,1,0
Otu000772,Otu001103,1,0
Otu000775,Otu001103,1,0
Otu000840,Otu001103,1,0
Otu000953,Otu001103,1,0
Otu001074,Otu001103,1,0
Otu000090,Otu001106,1,0
Otu000127,Otu001106,1,0
Otu000217,Otu001106,1,0
Otu000572,Otu001106,1,0
Otu000316,Otu001107,1,0
Otu000525,Otu001107,1,0
Otu000547,Otu001107,1,0
Otu000599,Otu001107,1,0
Otu000663,Otu001107,1,0
Otu000752,Otu001107,1,0
Otu000895,Otu001107,1,0
Otu000586,Otu001132,1,0
Otu000600,Otu001132,1,0
Otu000620,Otu001132,1,0
Otu000675,Otu001132,1,0
Otu000711,Otu001132,1,0
Otu000772,Otu001132,1,0
Otu000775,Otu001132,1,0
Otu000840,Otu001132,1,0
Otu000953,Otu001132,1,0
Otu001074,Otu001132,1,0
Otu001103,Otu001132,1,0
Otu000445,Otu001135,1,0
Otu000481,Otu001135,1,0
Otu000574,Otu001135,1,0
Otu000538,Otu001177,1,0
Otu000686,Otu001177,1,0
Otu000844,Otu001177,1,0
Otu000918,Otu001177,1,0
Otu000950,Otu001177,1,0
Otu001088,Otu001177,1,0
Otu000396,Otu001184,1,0
Otu000603,Otu001184,1,0
Otu000435,Otu001202,1,0
Otu000445,Otu001205,1,0
Otu000481,Otu001205,1,0
Otu000574,Otu001205,1,0
Otu001135,Otu001205,1,0
Otu000865,Otu001206,1,0
Otu000274,Otu001230,1,0
Otu000404,Otu001230,1,0
Otu000448,Otu001230,1,0
Otu000463,Otu001230,1,0
Otu000549,Otu001230,1,0
Otu000630,Otu001230,1,0
Otu000662,Otu001230,1,0
Otu000716,Otu001230,1,0
Otu000820,Otu001230,1,0
Otu000857,Otu001230,1,0
Otu000926,Otu001230,1,0
Otu000995,Otu001230,1,0
Otu000432,Otu001246,1,0
Otu000316,Otu001251,1,0
Otu000525,Otu001251,1,0
Otu000547,Otu001251,1,0
Otu000599,Otu001251,1,0
Otu000663,Otu001251,1,0
Otu000752,Otu001251,1,0
Otu000895,Otu001251,1,0
Otu001107,Otu001251,1,0
Otu000316,Otu001284,1,0
Otu000525,Otu001284,1,0
Otu000547,Otu001284,1,0
Otu000599,Otu001284,1,0
Otu000663,Otu001284,1,0
Otu000752,Otu001284,1,0
Otu000895,Otu001284,1,0
Otu001107,Otu001284,1,0
Otu001251,Otu001284,1,0
Otu000445,Otu001311,1,0
Otu000481,Otu001311,1,0
Otu000574,Otu001311,1,0
Otu001135,Otu001311,1,0
Otu001205,Otu001311,1,0
Otu000428,Otu001333,1,0
Otu000316,Otu001363,1,0
Otu000525,Otu001363,1,0
Otu000547,Otu001363,1,0
Otu000599,Otu001363,1,0
Otu000663,Otu001363,1,0
Otu000752,Otu001363,1,0
Otu000895,Otu001363,1,0
Otu001107,Otu001363,1,0
Otu001251,Otu001363,1,0
Otu001284,Otu001363,1,0
Otu000403,Otu001367,1,0
Otu000514,Otu001367,1,0
Otu000538,Otu001368,1,0
Otu000686,Otu001368,1,0
Otu000844,Otu001368,1,0
Otu000918,Otu001368,1,0
Otu000950,Otu001368,1,0
Otu001088,Otu001368,1,0
Otu001177,Otu001368,1,0
Otu000764,Otu001376,1,0
Otu000864,Otu001376,1,0
Otu000274,Otu001387,1,0
Otu000404,Otu001387,1,0
Otu000448,Otu001387,1,0
Otu000463,Otu001387,1,0
Otu000549,Otu001387,1,0
Otu000630,Otu001387,1,0
Otu000662,Otu001387,1,0
Otu000716,Otu001387,1,0
Otu000820,Otu001387,1,0
Otu000857,Otu001387,1,0
Otu000926,Otu001387,1,0
Otu000995,Otu001387,1,0
Otu001230,Otu001387,1,0
Otu000764,Otu001390,1,0
Otu000864,Otu001390,1,0
Otu001376,Otu001390,1,0
Otu000316,Otu001415,1,0
Otu000525,Otu001415,1,0
Otu000547,Otu001415,1,0
Otu000599,Otu001415,1,0
Otu000663,Otu001415,1,0
Otu000752,Otu001415,1,0
Otu000895,Otu001415,1,0
Otu001107,Otu001415,1,0
Otu001251,Otu001415,1,0
Otu001284,Otu001415,1,0
Otu001363,Otu001415,1,0
Otu000586,Otu001417,1,0
Otu000600,Otu001417,1,0
Otu000620,Otu001417,1,0
Otu000675,Otu001417,1,0
Otu000711,Otu001417,1,0
Otu000772,Otu001417,1,0
Otu000775,Otu001417,1,0
Otu000840,Otu001417,1,0
Otu000953,Otu001417,1,0
Otu001074,Otu001417,1,0
Otu001103,Otu001417,1,0
Otu001132,Otu001417,1,0
Otu000492,Otu001423,1,0
Otu000832,Otu001423,1,0
Otu001018,Otu001423,1,0
Otu000316,Otu001434,1,0
Otu000525,Otu001434,1,0
Otu000547,Otu001434,1,0
Otu000599,Otu001434,1,0
Otu000663,Otu001434,1,0
Otu000752,Otu001434,1,0
Otu000895,Otu001434,1,0
Otu001107,Otu001434,1,0
Otu001251,Otu001434,1,0
Otu001284,Otu001434,1,0
Otu001363,Otu001434,1,0
Otu001415,Otu001434,1,0
Otu000575,Otu001440,1,0
Otu000316,Otu001468,1,0
Otu000525,Otu001468,1,0
Otu000547,Otu001468,1,0
Otu000599,Otu001468,1,0
Otu000663,Otu001468,1,0
Otu000752,Otu001468,1,0
Otu000895,Otu001468,1,0
Otu001107,Otu001468,1,0
Otu001251,Otu001468,1,0
Otu001284,Otu001468,1,0
Otu001363,Otu001468,1,0
Otu001415,Otu001468,1,0
Otu001434,Otu001468,1,0
Otu000538,Otu001472,1,0
Otu000686,Otu001472,1,0
Otu000844,Otu001472,1,0
Otu000918,Otu001472,1,0
Otu000950,Otu001472,1,0
Otu001088,Otu001472,1,0
Otu001177,Otu001472,1,0
Otu001368,Otu001472,1,0
Otu000492,Otu001473,1,0
Otu000832,Otu001473,1,0
Otu001018,Otu001473,1,0
Otu001423,Otu001473,1,0
Otu000586,Otu001533,1,0
Otu000600,Otu001533,1,0
Otu000620,Otu001533,1,0
Otu000675,Otu001533,1,0
Otu000711,Otu001533,1,0
Otu000772,Otu001533,1,0
Otu000775,Otu001533,1,0
Otu000840,Otu001533,1,0
Otu000953,Otu001533,1,0
Otu001074,Otu001533,1,0
Otu001103,Otu001533,1,0
Otu001132,Otu001533,1,0
Otu001417,Otu001533,1,0
Otu000316,Otu001618,1,0
Otu000525,Otu001618,1,0
Otu000547,Otu001618,1,0
Otu000599,Otu001618,1,0
Otu000663,Otu001618,1,0
Otu000752,Otu001618,1,0
Otu000895,Otu001618,1,0
Otu001107,Otu001618,1,0
Otu001251,Otu001618,1,0
Otu001284,Otu001618,1,0
Otu001363,Otu001618,1,0
Otu001415,Otu001618,1,0
Otu001434,Otu001618,1,0
Otu001468,Otu001618,1,0
Otu000415,Otu001683,1,0
Otu000195,Otu001695,1,0
Otu000393,Otu001695,1,0
Otu000423,Otu001695,1,0
Otu000586,Otu001730,1,0
Otu000600,Otu001730,1,0
Otu000620,Otu001730,1,0
Otu000675,Otu001730,1,0
Otu000711,Otu001730,1,0
Otu000772,Otu001730,1,0
Otu000775,Otu001730,1,0
Otu000840,Otu001730,1,0
Otu000953,Otu001730,1,0
Otu001074,Otu001730,1,0
Otu001103,Otu001730,1,0
Otu001132,Otu001730,1,0
Otu001417,Otu001730,1,0
Otu001533,Otu001730,1,0
Otu000202,Otu001734,1,0
Otu000590,Otu001734,1,0
Otu000592,Otu001734,1,0
Otu000682,Otu001734,1,0
Otu000928,Otu001734,1,0
Otu000492,Otu001737,1,0
Otu000832,Otu001737,1,0
Otu001018,Otu001737,1,0
Otu001423,Otu001737,1,0
Otu001473,Otu001737,1,0
Otu000764,Otu001755,1,0
Otu000864,Otu001755,1,0
Otu001376,Otu001755,1,0
Otu001390,Otu001755,1,0
Otu000209,Otu001760,1,0
Otu000266,Otu001760,1,0
Otu000646,Otu001760,1,0
Otu000761,Otu001760,1,0
Otu000534,Otu001770,1,0
Otu000492,Otu001802,1,0
Otu000832,Otu001802,1,0
Otu001018,Otu001802,1,0
Otu001423,Otu001802,1,0
Otu001473,Otu001802,1,0
Otu001737,Otu001802,1,0
Otu000474,Otu001813,1,0
Otu000274,Otu001829,1,0
Otu000404,Otu001829,1,0
Otu000448,Otu001829,1,0
Otu000463,Otu001829,1,0
Otu000549,Otu001829,1,0
Otu000630,Otu001829,1,0
Otu000662,Otu001829,1,0
Otu000716,Otu001829,1,0
Otu000820,Otu001829,1,0
Otu000857,Otu001829,1,0
Otu000926,Otu001829,1,0
Otu000995,Otu001829,1,0
Otu001230,Otu001829,1,0
Otu001387,Otu001829,1,0
Otu000466,Otu001835,1,0
Otu000591,Otu001835,1,0
Otu000680,Otu001835,1,0
Otu000917,Otu001835,1,0
Otu000199,Otu001853,1,0
Otu000561,Otu001853,1,0
Otu000612,Otu001853,1,0
Otu000815,Otu001853,1,0
Otu000868,Otu001853,1,0
Otu000086,Otu001899,1,0
Otu000239,Otu001899,1,0
Otu000285,Otu001899,1,0
Otu000586,Otu001913,1,0
Otu000600,Otu001913,1,0
Otu000620,Otu001913,1,0
Otu000675,Otu001913,1,0
Otu000711,Otu001913,1,0
Otu000772,Otu001913,1,0
Otu000775,Otu001913,1,0
Otu000840,Otu001913,1,0
Otu000953,Otu001913,1,0
Otu001074,Otu001913,1,0
Otu001103,Otu001913,1,0
Otu001132,Otu001913,1,0
Otu001417,Otu001913,1,0
Otu001533,Otu001913,1,0
Otu001730,Otu001913,1,0
Otu001608,Otu001923,1,0
Otu000586,Otu001952,1,0
Otu000600,Otu001952,1,0
Otu000620,Otu001952,1,0
Otu000675,Otu001952,1,0
Otu000711,Otu001952,1,0
Otu000772,Otu001952,1,0
Otu000775,Otu001952,1,0
Otu000840,Otu001952,1,0
Otu000953,Otu001952,1,0
Otu001074,Otu001952,1,0
Otu001103,Otu001952,1,0
Otu001132,Otu001952,1,0
Otu001417,Otu001952,1,0
Otu001533,Otu001952,1,0
Otu001730,Otu001952,1,0
Otu001913,Otu001952,1,0
Otu000586,Otu001959,1,0
Otu000600,Otu001959,1,0
Otu000620,Otu001959,1,0
Otu000675,Otu001959,1,0
Otu000711,Otu001959,1,0
Otu000772,Otu001959,1,0
Otu000775,Otu001959,1,0
Otu000840,Otu001959,1,0
Otu000953,Otu001959,1,0
Otu001074,Otu001959,1,0
Otu001103,Otu001959,1,0
Otu001132,Otu001959,1,0
Otu001417,Otu001959,1,0
Otu001533,Otu001959,1,0
Otu001730,Otu001959,1,0
Otu001913,Otu001959,1,0
Otu001952,Otu001959,1,0
Otu000274,Otu001971,1,0
Otu000404,Otu001971,1,0
Otu000448,Otu001971,1,0
Otu000463,Otu001971,1,0
Otu000549,Otu001971,1,0
Otu000630,Otu001971,1,0
Otu000662,Otu001971,1,0
Otu000716,Otu001971,1,0
Otu000820,Otu001971,1,0
Otu000857,Otu001971,1,0
Otu000926,Otu001971,1,0
Otu000995,Otu001971,1,0
Otu001230,Otu001971,1,0
Otu001387,Otu001971,1,0
Otu001829,Otu001971,1,0
Otu000199,Otu002010,1,0
Otu000561,Otu002010,1,0
Otu000612,Otu002010,1,0
Otu000815,Otu002010,1,0
Otu000868,Otu002010,1,0
Otu001853,Otu002010,1,0
Otu000586,Otu002016,1,0
Otu000600,Otu002016,1,0
Otu000620,Otu002016,1,0
Otu000675,Otu002016,1,0
Otu000711,Otu002016,1,0
Otu000772,Otu002016,1,0
Otu000775,Otu002016,1,0
Otu000840,Otu002016,1,0
Otu000953,Otu002016,1,0
Otu001074,Otu002016,1,0
Otu001103,Otu002016,1,0
Otu001132,Otu002016,1,0
Otu001417,Otu002016,1,0
Otu001533,Otu002016,1,0
Otu001730,Otu002016,1,0
Otu001913,Otu002016,1,0
Otu001952,Otu002016,1,0
Otu001959,Otu002016,1,0
Otu000784,Otu002031,1,0
Otu001098,Otu002031,1,0
Otu000764,Otu002165,1,0
Otu000864,Otu002165,1,0
Otu001376,Otu002165,1,0
Otu001390,Otu002165,1,0
Otu001755,Otu002165,1,0
Otu000376,Otu002177,1,0
Otu000452,Otu002177,1,0
Otu000472,Otu002177,1,0
Otu000503,Otu002177,1,0
Otu000546,Otu002177,1,0
Otu000564,Otu002177,1,0
Otu000573,Otu002177,1,0
Otu000652,Otu002177,1,0
Otu000747,Otu002177,1,0
Otu000808,Otu002177,1,0
Otu000994,Otu002177,1,0
Otu000466,Otu002208,1,0
Otu000591,Otu002208,1,0
Otu000680,Otu002208,1,0
Otu000917,Otu002208,1,0
Otu001835,Otu002208,1,0
Otu000316,Otu002265,1,0
Otu000525,Otu002265,1,0
Otu000547,Otu002265,1,0
Otu000599,Otu002265,1,0
Otu000663,Otu002265,1,0
Otu000752,Otu002265,1,0
Otu000895,Otu002265,1,0
Otu001107,Otu002265,1,0
Otu001251,Otu002265,1,0
Otu001284,Otu002265,1,0
Otu001363,Otu002265,1,0
Otu001415,Otu002265,1,0
Otu001434,Otu002265,1,0
Otu001468,Otu002265,1,0
Otu001618,Otu002265,1,0
Otu001325,Otu002338,1,0
Otu000973,Otu002345,1,0
Otu000209,Otu002378,1,0
Otu000266,Otu002378,1,0
Otu000646,Otu002378,1,0
Otu000761,Otu002378,1,0
Otu001760,Otu002378,1,0
Otu000764,Otu002421,1,0
Otu000864,Otu002421,1,0
Otu001376,Otu002421,1,0
Otu001390,Otu002421,1,0
Otu001755,Otu002421,1,0
Otu002165,Otu002421,1,0
Otu000274,Otu002494,1,0
Otu000404,Otu002494,1,0
Otu000448,Otu002494,1,0
Otu000463,Otu002494,1,0
Otu000549,Otu002494,1,0
Otu000630,Otu002494,1,0
Otu000662,Otu002494,1,0
Otu000716,Otu002494,1,0
Otu000820,Otu002494,1,0
Otu000857,Otu002494,1,0
Otu000926,Otu002494,1,0
Otu000995,Otu002494,1,0
Otu001230,Otu002494,1,0
Otu001387,Otu002494,1,0
Otu001829,Otu002494,1,0
Otu001971,Otu002494,1,0
Otu000316,Otu002495,1,0
Otu000525,Otu002495,1,0
Otu000547,Otu002495,1,0
Otu000599,Otu002495,1,0
Otu000663,Otu002495,1,0
Otu000752,Otu002495,1,0
Otu000895,Otu002495,1,0
Otu001107,Otu002495,1,0
Otu001251,Otu002495,1,0
Otu001284,Otu002495,1,0
Otu001363,Otu002495,1,0
Otu001415,Otu002495,1,0
Otu001434,Otu002495,1,0
Otu001468,Otu002495,1,0
Otu001618,Otu002495,1,0
Otu002265,Otu002495,1,0
Otu000412,Otu002506,1,0
Otu000494,Otu002506,1,0
Otu000733,Otu002506,1,0
Otu000274,Otu002525,1,0
Otu000404,Otu002525,1,0
Otu000448,Otu002525,1,0
Otu000463,Otu002525,1,0
Otu000549,Otu002525,1,0
Otu000630,Otu002525,1,0
Otu000662,Otu002525,1,0
Otu000716,Otu002525,1,0
Otu000820,Otu002525,1,0
Otu000857,Otu002525,1,0
Otu000926,Otu002525,1,0
Otu000995,Otu002525,1,0
Otu001230,Otu002525,1,0
Otu001387,Otu002525,1,0
Otu001829,Otu002525,1,0
Otu001971,Otu002525,1,0
Otu002494,Otu002525,1,0
Otu000466,Otu002563,1,0
Otu000591,Otu002563,1,0
Otu000680,Otu002563,1,0
Otu000917,Otu002563,1,0
Otu001835,Otu002563,1,0
Otu002208,Otu002563,1,0
Otu001608,Otu002610,1,0
Otu001923,Otu002610,1,0
Otu000538,Otu002611,1,0
Otu000686,Otu002611,1,0
Otu000844,Otu002611,1,0
Otu000918,Otu002611,1,0
Otu000950,Otu002611,1,0
Otu001088,Otu002611,1,0
Otu001177,Otu002611,1,0
Otu001368,Otu002611,1,0
Otu001472,Otu002611,1,0
Otu000538,Otu002626,1,0
Otu000686,Otu002626,1,0
Otu000844,Otu002626,1,0
Otu000918,Otu002626,1,0
Otu000950,Otu002626,1,0
Otu001088,Otu002626,1,0
Otu001177,Otu002626,1,0
Otu001368,Otu002626,1,0
Otu001472,Otu002626,1,0
Otu002611,Otu002626,1,0
Otu000973,Otu002884,1,0
Otu002345,Otu002884,1,0
Otu000586,Otu003000,1,0
Otu000600,Otu003000,1,0
Otu000620,Otu003000,1,0
Otu000675,Otu003000,1,0
Otu000711,Otu003000,1,0
Otu000772,Otu003000,1,0
Otu000775,Otu003000,1,0
Otu000840,Otu003000,1,0
Otu000953,Otu003000,1,0
Otu001074,Otu003000,1,0
Otu001103,Otu003000,1,0
Otu001132,Otu003000,1,0
Otu001417,Otu003000,1,0
Otu001533,Otu003000,1,0
Otu001730,Otu003000,1,0
Otu001913,Otu003000,1,0
Otu001952,Otu003000,1,0
Otu001959,Otu003000,1,0
Otu002016,Otu003000,1,0
Otu000586,Otu003038,1,0
Otu000600,Otu003038,1,0
Otu000620,Otu003038,1,0
Otu000675,Otu003038,1,0
Otu000711,Otu003038,1,0
Otu000772,Otu003038,1,0
Otu000775,Otu003038,1,0
Otu000840,Otu003038,1,0
Otu000953,Otu003038,1,0
Otu001074,Otu003038,1,0
Otu001103,Otu003038,1,0
Otu001132,Otu003038,1,0
Otu001417,Otu003038,1,0
Otu001533,Otu003038,1,0
Otu001730,Otu003038,1,0
Otu001913,Otu003038,1,0
Otu001952,Otu003038,1,0
Otu001959,Otu003038,1,0
Otu002016,Otu003038,1,0
Otu003000,Otu003038,1,0
Otu000538,Otu003040,1,0
Otu000686,Otu003040,1,0
Otu000844,Otu003040,1,0
Otu000918,Otu003040,1,0
Otu000950,Otu003040,1,0
Otu001088,Otu003040,1,0
Otu001177,Otu003040,1,0
Otu001368,Otu003040,1,0
Otu001472,Otu003040,1,0
Otu002611,Otu003040,1,0
Otu002626,Otu003040,1,0
Otu000316,Otu003225,1,0
Otu000525,Otu003225,1,0
Otu000547,Otu003225,1,0
Otu000599,Otu003225,1,0
Otu000663,Otu003225,1,0
Otu000752,Otu003225,1,0
Otu000895,Otu003225,1,0
Otu001107,Otu003225,1,0
Otu001251,Otu003225,1,0
Otu001284,Otu003225,1,0
Otu001363,Otu003225,1,0
Otu001415,Otu003225,1,0
Otu001434,Otu003225,1,0
Otu001468,Otu003225,1,0
Otu001618,Otu003225,1,0
Otu002265,Otu003225,1,0
Otu002495,Otu003225,1,0
Otu000396,Otu003299,1,0
Otu000603,Otu003299,1,0
Otu001184,Otu003299,1,0
Otu000209,Otu003319,1,0
Otu000266,Otu003319,1,0
Otu000646,Otu003319,1,0
Otu000761,Otu003319,1,0
Otu001760,Otu003319,1,0
Otu002378,Otu003319,1,0
Otu000492,Otu003373,1,0
Otu000832,Otu003373,1,0
Otu001018,Otu003373,1,0
Otu001423,Otu003373,1,0
Otu001473,Otu003373,1,0
Otu001737,Otu003373,1,0
Otu001802,Otu003373,1,0
Otu000649,Otu003505,1,0
Otu000866,Otu003505,1,0
Otu000912,Otu003505,1,0
Otu000492,Otu003534,1,0
Otu000832,Otu003534,1,0
Otu001018,Otu003534,1,0
Otu001423,Otu003534,1,0
Otu001473,Otu003534,1,0
Otu001737,Otu003534,1,0
Otu001802,Otu003534,1,0
Otu003373,Otu003534,1,0
Otu000492,Otu003535,1,0
Otu000832,Otu003535,1,0
Otu001018,Otu003535,1,0
Otu001423,Otu003535,1,0
Otu001473,Otu003535,1,0
Otu001737,Otu003535,1,0
Otu001802,Otu003535,1,0
Otu003373,Otu003535,1,0
Otu003534,Otu003535,1,0
Otu000492,Otu003553,1,0
Otu000832,Otu003553,1,0
Otu001018,Otu003553,1,0
Otu001423,Otu003553,1,0
Otu001473,Otu003553,1,0
Otu001737,Otu003553,1,0
Otu001802,Otu003553,1,0
Otu003373,Otu003553,1,0
Otu003534,Otu003553,1,0
Otu003535,Otu003553,1,0
Otu000492,Otu003584,1,0
Otu000832,Otu003584,1,0
Otu001018,Otu003584,1,0
Otu001423,Otu003584,1,0
Otu001473,Otu003584,1,0
Otu001737,Otu003584,1,0
Otu001802,Otu003584,1,0
Otu003373,Otu003584,1,0
Otu003534,Otu003584,1,0
Otu003535,Otu003584,1,0
Otu003553,Otu003584,1,0
Otu000492,Otu003605,1,0
Otu000832,Otu003605,1,0
Otu001018,Otu003605,1,0
Otu001423,Otu003605,1,0
Otu001473,Otu003605,1,0
Otu001737,Otu003605,1,0
Otu001802,Otu003605,1,0
Otu003373,Otu003605,1,0
Otu003534,Otu003605,1,0
Otu003535,Otu003605,1,0
Otu003553,Otu003605,1,0
Otu003584,Otu003605,1,0
Otu000492,Otu003745,1,0
Otu000832,Otu003745,1,0
Otu001018,Otu003745,1,0
Otu001423,Otu003745,1,0
Otu001473,Otu003745,1,0
Otu001737,Otu003745,1,0
Otu001802,Otu003745,1,0
Otu003373,Otu003745,1,0
Otu003534,Otu003745,1,0
Otu003535,Otu003745,1,0
Otu003553,Otu003745,1,0
Otu003584,Otu003745,1,0
Otu003605,Otu003745,1,0
Otu000466,Otu003845,1,0
Otu000591,Otu003845,1,0
Otu000680,Otu003845,1,0
Otu000917,Otu003845,1,0
Otu001835,Otu003845,1,0
Otu002208,Otu003845,1,0
Otu002563,Otu003845,1,0
Otu000764,Otu003864,1,0
Otu000864,Otu003864,1,0
Otu001376,Otu003864,1,0
Otu001390,Otu003864,1,0
Otu001755,Otu003864,1,0
Otu002165,Otu003864,1,0
Otu002421,Otu003864,1,0
Otu000492,Otu003892,1,0
Otu000832,Otu003892,1,0
Otu001018,Otu003892,1,0
Otu001423,Otu003892,1,0
Otu001473,Otu003892,1,0
Otu001737,Otu003892,1,0
Otu001802,Otu003892,1,0
Otu003373,Otu003892,1,0
Otu003534,Otu003892,1,0
Otu003535,Otu003892,1,0
Otu003553,Otu003892,1,0
Otu003584,Otu003892,1,0
Otu003605,Otu003892,1,0
Otu003745,Otu003892,1,0
Otu000492,Otu003894,1,0
Otu000832,Otu003894,1,0
Otu001018,Otu003894,1,0
Otu001423,Otu003894,1,0
Otu001473,Otu003894,1,0
Otu001737,Otu003894,1,0
Otu001802,Otu003894,1,0
Otu003373,Otu003894,1,0
Otu003534,Otu003894,1,0
Otu003535,Otu003894,1,0
Otu003553,Otu003894,1,0
Otu003584,Otu003894,1,0
Otu003605,Otu003894,1,0
Otu003745,Otu003894,1,0
Otu003892,Otu003894,1,0
Otu000492,Otu003895,1,0
Otu000832,Otu003895,1,0
Otu001018,Otu003895,1,0
Otu001423,Otu003895,1,0
Otu001473,Otu003895,1,0
Otu001737,Otu003895,1,0
Otu001802,Otu003895,1,0
Otu003373,Otu003895,1,0
Otu003534,Otu003895,1,0
Otu003535,Otu003895,1,0
Otu003553,Otu003895,1,0
Otu003584,Otu003895,1,0
Otu003605,Otu003895,1,0
Otu003745,Otu003895,1,0
Otu003892,Otu003895,1,0
Otu003894,Otu003895,1,0
Otu000492,Otu003900,1,0
Otu000832,Otu003900,1,0
Otu001018,Otu003900,1,0
Otu001423,Otu003900,1,0
Otu001473,Otu003900,1,0
Otu001737,Otu003900,1,0
Otu001802,Otu003900,1,0
Otu003373,Otu003900,1,0
Otu003534,Otu003900,1,0
Otu003535,Otu003900,1,0
Otu003553,Otu003900,1,0
Otu003584,Otu003900,1,0
Otu003605,Otu003900,1,0
Otu003745,Otu003900,1,0
Otu003892,Otu003900,1,0
Otu003894,Otu003900,1,0
Otu003895,Otu003900,1,0
Otu000492,Otu003903,1,0
Otu000832,Otu003903,1,0
Otu001018,Otu003903,1,0
Otu001423,Otu003903,1,0
Otu001473,Otu003903,1,0
Otu001737,Otu003903,1,0
Otu001802,Otu003903,1,0
Otu003373,Otu003903,1,0
Otu003534,Otu003903,1,0
Otu003535,Otu003903,1,0
Otu003553,Otu003903,1,0
Otu003584,Otu003903,1,0
Otu003605,Otu003903,1,0
Otu003745,Otu003903,1,0
Otu003892,Otu003903,1,0
Otu003894,Otu003903,1,0
Otu003895,Otu003903,1,0
Otu003900,Otu003903,1,0
Otu000209,Otu003918,1,0
Otu000266,Otu003918,1,0
Otu000646,Otu003918,1,0
Otu000761,Otu003918,1,0
Otu001760,Otu003918,1,0
Otu002378,Otu003918,1,0
Otu003319,Otu003918,1,0
Otu000492,Otu003922,1,0
Otu000832,Otu003922,1,0
Otu001018,Otu003922,1,0
Otu001423,Otu003922,1,0
Otu001473,Otu003922,1,0
Otu001737,Otu003922,1,0
Otu001802,Otu003922,1,0
Otu003373,Otu003922,1,0
Otu003534,Otu003922,1,0
Otu003535,Otu003922,1,0
Otu003553,Otu003922,1,0
Otu003584,Otu003922,1,0
Otu003605,Otu003922,1,0
Otu003745,Otu003922,1,0
Otu003892,Otu003922,1,0
Otu003894,Otu003922,1,0
Otu003895,Otu003922,1,0
Otu003900,Otu003922,1,0
Otu003903,Otu003922,1,0
Otu000492,Otu003924,1,0
Otu000832,Otu003924,1,0
Otu001018,Otu003924,1,0
Otu001423,Otu003924,1,0
Otu001473,Otu003924,1,0
Otu001737,Otu003924,1,0
Otu001802,Otu003924,1,0
Otu003373,Otu003924,1,0
Otu003534,Otu003924,1,0
Otu003535,Otu003924,1,0
Otu003553,Otu003924,1,0
Otu003584,Otu003924,1,0
Otu003605,Otu003924,1,0
Otu003745,Otu003924,1,0
Otu003892,Otu003924,1,0
Otu003894,Otu003924,1,0
Otu003895,Otu003924,1,0
Otu003900,Otu003924,1,0
Otu003903,Otu003924,1,0
Otu003922,Otu003924,1,0
Otu000492,Otu003953,1,0
Otu000832,Otu003953,1,0
Otu001018,Otu003953,1,0
Otu001423,Otu003953,1,0
Otu001473,Otu003953,1,0
Otu001737,Otu003953,1,0
Otu001802,Otu003953,1,0
Otu003373,Otu003953,1,0
Otu003534,Otu003953,1,0
Otu003535,Otu003953,1,0
Otu003553,Otu003953,1,0
Otu003584,Otu003953,1,0
Otu003605,Otu003953,1,0
Otu003745,Otu003953,1,0
Otu003892,Otu003953,1,0
Otu003894,Otu003953,1,0
Otu003895,Otu003953,1,0
Otu003900,Otu003953,1,0
Otu003903,Otu003953,1,0
Otu003922,Otu003953,1,0
Otu003924,Otu003953,1,0
Otu000492,Otu003958,1,0
Otu000832,Otu003958,1,0
Otu001018,Otu003958,1,0
Otu001423,Otu003958,1,0
Otu001473,Otu003958,1,0
Otu001737,Otu003958,1,0
Otu001802,Otu003958,1,0
Otu003373,Otu003958,1,0
Otu003534,Otu003958,1,0
Otu003535,Otu003958,1,0
Otu003553,Otu003958,1,0
Otu003584,Otu003958,1,0
Otu003605,Otu003958,1,0
Otu003745,Otu003958,1,0
Otu003892,Otu003958,1,0
Otu003894,Otu003958,1,0
Otu003895,Otu003958,1,0
Otu003900,Otu003958,1,0
Otu003903,Otu003958,1,0
Otu003922,Otu003958,1,0
Otu003924,Otu003958,1,0
Otu003953,Otu003958,1,0
Otu000396,Otu004086,1,0
Otu000603,Otu004086,1,0
Otu001184,Otu004086,1,0
Otu003299,Otu004086,1,0
Otu000202,Otu004090,1,0
Otu000590,Otu004090,1,0
Otu000592,Otu004090,1,0
Otu000682,Otu004090,1,0
Otu000928,Otu004090,1,0
Otu001734,Otu004090,1,0
Otu000316,Otu004190,1,0
Otu000525,Otu004190,1,0
Otu000547,Otu004190,1,0
Otu000599,Otu004190,1,0
Otu000663,Otu004190,1,0
Otu000752,Otu004190,1,0
Otu000895,Otu004190,1,0
Otu001107,Otu004190,1,0
Otu001251,Otu004190,1,0
Otu001284,Otu004190,1,0
Otu001363,Otu004190,1,0
Otu001415,Otu004190,1,0
Otu001434,Otu004190,1,0
Otu001468,Otu004190,1,0
Otu001618,Otu004190,1,0
Otu002265,Otu004190,1,0
Otu002495,Otu004190,1,0
Otu003225,Otu004190,1,0
Otu000543,Otu004248,1,0
Otu000466,Otu004281,1,0
Otu000591,Otu004281,1,0
Otu000680,Otu004281,1,0
Otu000917,Otu004281,1,0
Otu001835,Otu004281,1,0
Otu002208,Otu004281,1,0
Otu002563,Otu004281,1,0
Otu003845,Otu004281,1,0
Otu000209,Otu004292,1,0
Otu000266,Otu004292,1,0
Otu000646,Otu004292,1,0
Otu000761,Otu004292,1,0
Otu001760,Otu004292,1,0
Otu002378,Otu004292,1,0
Otu003319,Otu004292,1,0
Otu003918,Otu004292,1,0
Otu000492,Otu004361,1,0
Otu000832,Otu004361,1,0
Otu001018,Otu004361,1,0
Otu001423,Otu004361,1,0
Otu001473,Otu004361,1,0
Otu001737,Otu004361,1,0
Otu001802,Otu004361,1,0
Otu003373,Otu004361,1,0
Otu003534,Otu004361,1,0
Otu003535,Otu004361,1,0
Otu003553,Otu004361,1,0
Otu003584,Otu004361,1,0
Otu003605,Otu004361,1,0
Otu003745,Otu004361,1,0
Otu003892,Otu004361,1,0
Otu003894,Otu004361,1,0
Otu003895,Otu004361,1,0
Otu003900,Otu004361,1,0
Otu003903,Otu004361,1,0
Otu003922,Otu004361,1,0
Otu003924,Otu004361,1,0
Otu003953,Otu004361,1,0
Otu003958,Otu004361,1,0
Otu000492,Otu004362,1,0
Otu000832,Otu004362,1,0
Otu001018,Otu004362,1,0
Otu001423,Otu004362,1,0
Otu001473,Otu004362,1,0
Otu001737,Otu004362,1,0
Otu001802,Otu004362,1,0
Otu003373,Otu004362,1,0
Otu003534,Otu004362,1,0
Otu003535,Otu004362,1,0
Otu003553,Otu004362,1,0
Otu003584,Otu004362,1,0
Otu003605,Otu004362,1,0
Otu003745,Otu004362,1,0
Otu003892,Otu004362,1,0
Otu003894,Otu004362,1,0
Otu003895,Otu004362,1,0
Otu003900,Otu004362,1,0
Otu003903,Otu004362,1,0
Otu003922,Otu004362,1,0
Otu003924,Otu004362,1,0
Otu003953,Otu004362,1,0
Otu003958,Otu004362,1,0
Otu004361,Otu004362,1,0
Otu000492,Otu004366,1,0
Otu000832,Otu004366,1,0
Otu001018,Otu004366,1,0
Otu001423,Otu004366,1,0
Otu001473,Otu004366,1,0
Otu001737,Otu004366,1,0
Otu001802,Otu004366,1,0
Otu003373,Otu004366,1,0
Otu003534,Otu004366,1,0
Otu003535,Otu004366,1,0
Otu003553,Otu004366,1,0
Otu003584,Otu004366,1,0
Otu003605,Otu004366,1,0
Otu003745,Otu004366,1,0
Otu003892,Otu004366,1,0
Otu003894,Otu004366,1,0
Otu003895,Otu004366,1,0
Otu003900,Otu004366,1,0
Otu003903,Otu004366,1,0
Otu003922,Otu004366,1,0
Otu003924,Otu004366,1,0
Otu003953,Otu004366,1,0
Otu003958,Otu004366,1,0
Otu004361,Otu004366,1,0
Otu004362,Otu004366,1,0
Otu000492,Otu004367,1,0
Otu000832,Otu004367,1,0
Otu001018,Otu004367,1,0
Otu001423,Otu004367,1,0
Otu001473,Otu004367,1,0
Otu001737,Otu004367,1,0
Otu001802,Otu004367,1,0
Otu003373,Otu004367,1,0
Otu003534,Otu004367,1,0
Otu003535,Otu004367,1,0
Otu003553,Otu004367,1,0
Otu003584,Otu004367,1,0
Otu003605,Otu004367,1,0
Otu003745,Otu004367,1,0
Otu003892,Otu004367,1,0
Otu003894,Otu004367,1,0
Otu003895,Otu004367,1,0
Otu003900,Otu004367,1,0
Otu003903,Otu004367,1,0
Otu003922,Otu004367,1,0
Otu003924,Otu004367,1,0
Otu003953,Otu004367,1,0
Otu003958,Otu004367,1,0
Otu004361,Otu004367,1,0
Otu004362,Otu004367,1,0
Otu004366,Otu004367,1,0
Otu000316,Otu004400,1,0
Otu000525,Otu004400,1,0
Otu000547,Otu004400,1,0
Otu000599,Otu004400,1,0
Otu000663,Otu004400,1,0
Otu000752,Otu004400,1,0
Otu000895,Otu004400,1,0
Otu001107,Otu004400,1,0
Otu001251,Otu004400,1,0
Otu001284,Otu004400,1,0
Otu001363,Otu004400,1,0
Otu001415,Otu004400,1,0
Otu001434,Otu004400,1,0
Otu001468,Otu004400,1,0
Otu001618,Otu004400,1,0
Otu002265,Otu004400,1,0
Otu002495,Otu004400,1,0
Otu003225,Otu004400,1,0
Otu004190,Otu004400,1,0
Otu000492,Otu004406,1,0
Otu000832,Otu004406,1,0
Otu001018,Otu004406,1,0
Otu001423,Otu004406,1,0
Otu001473,Otu004406,1,0
Otu001737,Otu004406,1,0
Otu001802,Otu004406,1,0
Otu003373,Otu004406,1,0
Otu003534,Otu004406,1,0
Otu003535,Otu004406,1,0
Otu003553,Otu004406,1,0
Otu003584,Otu004406,1,0
Otu003605,Otu004406,1,0
Otu003745,Otu004406,1,0
Otu003892,Otu004406,1,0
Otu003894,Otu004406,1,0
Otu003895,Otu004406,1,0
Otu003900,Otu004406,1,0
Otu003903,Otu004406,1,0
Otu003922,Otu004406,1,0
Otu003924,Otu004406,1,0
Otu003953,Otu004406,1,0
Otu003958,Otu004406,1,0
Otu004361,Otu004406,1,0
Otu004362,Otu004406,1,0
Otu004366,Otu004406,1,0
Otu004367,Otu004406,1,0
Otu000492,Otu004407,1,0
Otu000832,Otu004407,1,0
Otu001018,Otu004407,1,0
Otu001423,Otu004407,1,0
Otu001473,Otu004407,1,0
Otu001737,Otu004407,1,0
Otu001802,Otu004407,1,0
Otu003373,Otu004407,1,0
Otu003534,Otu004407,1,0
Otu003535,Otu004407,1,0
Otu003553,Otu004407,1,0
Otu003584,Otu004407,1,0
Otu003605,Otu004407,1,0
Otu003745,Otu004407,1,0
Otu003892,Otu004407,1,0
Otu003894,Otu004407,1,0
Otu003895,Otu004407,1,0
Otu003900,Otu004407,1,0
Otu003903,Otu004407,1,0
Otu003922,Otu004407,1,0
Otu003924,Otu004407,1,0
Otu003953,Otu004407,1,0
Otu003958,Otu004407,1,0
Otu004361,Otu004407,1,0
Otu004362,Otu004407,1,0
Otu004366,Otu004407,1,0
Otu004367,Otu004407,1,0
Otu004406,Otu004407,1,0
Otu000492,Otu004408,1,0
Otu000832,Otu004408,1,0
Otu001018,Otu004408,1,0
Otu001423,Otu004408,1,0
Otu001473,Otu004408,1,0
Otu001737,Otu004408,1,0
Otu001802,Otu004408,1,0
Otu003373,Otu004408,1,0
Otu003534,Otu004408,1,0
Otu003535,Otu004408,1,0
Otu003553,Otu004408,1,0
Otu003584,Otu004408,1,0
Otu003605,Otu004408,1,0
Otu003745,Otu004408,1,0
Otu003892,Otu004408,1,0
Otu003894,Otu004408,1,0
Otu003895,Otu004408,1,0
Otu003900,Otu004408,1,0
Otu003903,Otu004408,1,0
Otu003922,Otu004408,1,0
Otu003924,Otu004408,1,0
Otu003953,Otu004408,1,0
Otu003958,Otu004408,1,0
Otu004361,Otu004408,1,0
Otu004362,Otu004408,1,0
Otu004366,Otu004408,1,0
Otu004367,Otu004408,1,0
Otu004406,Otu004408,1,0
Otu004407,Otu004408,1,0
Otu000492,Otu004417,1,0
Otu000832,Otu004417,1,0
Otu001018,Otu004417,1,0
Otu001423,Otu004417,1,0
Otu001473,Otu004417,1,0
Otu001737,Otu004417,1,0
Otu001802,Otu004417,1,0
Otu003373,Otu004417,1,0
Otu003534,Otu004417,1,0
Otu003535,Otu004417,1,0
Otu003553,Otu004417,1,0
Otu003584,Otu004417,1,0
Otu003605,Otu004417,1,0
Otu003745,Otu004417,1,0
Otu003892,Otu004417,1,0
Otu003894,Otu004417,1,0
Otu003895,Otu004417,1,0
Otu003900,Otu004417,1,0
Otu003903,Otu004417,1,0
Otu003922,Otu004417,1,0
Otu003924,Otu004417,1,0
Otu003953,Otu004417,1,0
Otu003958,Otu004417,1,0
Otu004361,Otu004417,1,0
Otu004362,Otu004417,1,0
Otu004366,Otu004417,1,0
Otu004367,Otu004417,1,0
Otu004406,Otu004417,1,0
Otu004407,Otu004417,1,0
Otu004408,Otu004417,1,0
Otu000492,Otu004441,1,0
Otu000832,Otu004441,1,0
Otu001018,Otu004441,1,0
Otu001423,Otu004441,1,0
Otu001473,Otu004441,1,0
Otu001737,Otu004441,1,0
Otu001802,Otu004441,1,0
Otu003373,Otu004441,1,0
Otu003534,Otu004441,1,0
Otu003535,Otu004441,1,0
Otu003553,Otu004441,1,0
Otu003584,Otu004441,1,0
Otu003605,Otu004441,1,0
Otu003745,Otu004441,1,0
Otu003892,Otu004441,1,0
Otu003894,Otu004441,1,0
Otu003895,Otu004441,1,0
Otu003900,Otu004441,1,0
Otu003903,Otu004441,1,0
Otu003922,Otu004441,1,0
Otu003924,Otu004441,1,0
Otu003953,Otu004441,1,0
Otu003958,Otu004441,1,0
Otu004361,Otu004441,1,0
Otu004362,Otu004441,1,0
Otu004366,Otu004441,1,0
Otu004367,Otu004441,1,0
Otu004406,Otu004441,1,0
Otu004407,Otu004441,1,0
Otu004408,Otu004441,1,0
Otu004417,Otu004441,1,0
Otu000492,Otu004479,1,0
Otu000832,Otu004479,1,0
Otu001018,Otu004479,1,0
Otu001423,Otu004479,1,0
Otu001473,Otu004479,1,0
Otu001737,Otu004479,1,0
Otu001802,Otu004479,1,0
Otu003373,Otu004479,1,0
Otu003534,Otu004479,1,0
Otu003535,Otu004479,1,0
Otu003553,Otu004479,1,0
Otu003584,Otu004479,1,0
Otu003605,Otu004479,1,0
Otu003745,Otu004479,1,0
Otu003892,Otu004479,1,0
Otu003894,Otu004479,1,0
Otu003895,Otu004479,1,0
Otu003900,Otu004479,1,0
Otu003903,Otu004479,1,0
Otu003922,Otu004479,1,0
Otu003924,Otu004479,1,0
Otu003953,Otu004479,1,0
Otu003958,Otu004479,1,0
Otu004361,Otu004479,1,0
Otu004362,Otu004479,1,0
Otu004366,Otu004479,1,0
Otu004367,Otu004479,1,0
Otu004406,Otu004479,1,0
Otu004407,Otu004479,1,0
Otu004408,Otu004479,1,0
Otu004417,Otu004479,1,0
Otu004441,Otu004479,1,0
Otu000492,Otu004549,1,0
Otu000832,Otu004549,1,0
Otu001018,Otu004549,1,0
Otu001423,Otu004549,1,0
Otu001473,Otu004549,1,0
Otu001737,Otu004549,1,0
Otu001802,Otu004549,1,0
Otu003373,Otu004549,1,0
Otu003534,Otu004549,1,0
Otu003535,Otu004549,1,0
Otu003553,Otu004549,1,0
Otu003584,Otu004549,1,0
Otu003605,Otu004549,1,0
Otu003745,Otu004549,1,0
Otu003892,Otu004549,1,0
Otu003894,Otu004549,1,0
Otu003895,Otu004549,1,0
Otu003900,Otu004549,1,0
Otu003903,Otu004549,1,0
Otu003922,Otu004549,1,0
Otu003924,Otu004549,1,0
Otu003953,Otu004549,1,0
Otu003958,Otu004549,1,0
Otu004361,Otu004549,1,0
Otu004362,Otu004549,1,0
Otu004366,Otu004549,1,0
Otu004367,Otu004549,1,0
Otu004406,Otu004549,1,0
Otu004407,Otu004549,1,0
Otu004408,Otu004549,1,0
Otu004417,Otu004549,1,0
Otu004441,Otu004549,1,0
Otu004479,Otu004549,1,0
Otu000466,Otu004566,1,0
Otu000591,Otu004566,1,0
Otu000680,Otu004566,1,0
Otu000917,Otu004566,1,0
Otu001835,Otu004566,1,0
Otu002208,Otu004566,1,0
Otu002563,Otu004566,1,0
Otu003845,Otu004566,1,0
Otu004281,Otu004566,1,0
Otu000492,Otu004580,1,0
Otu000832,Otu004580,1,0
Otu001018,Otu004580,1,0
Otu001423,Otu004580,1,0
Otu001473,Otu004580,1,0
Otu001737,Otu004580,1,0
Otu001802,Otu004580,1,0
Otu003373,Otu004580,1,0
Otu003534,Otu004580,1,0
Otu003535,Otu004580,1,0
Otu003553,Otu004580,1,0
Otu003584,Otu004580,1,0
Otu003605,Otu004580,1,0
Otu003745,Otu004580,1,0
Otu003892,Otu004580,1,0
Otu003894,Otu004580,1,0
Otu003895,Otu004580,1,0
Otu003900,Otu004580,1,0
Otu003903,Otu004580,1,0
Otu003922,Otu004580,1,0
Otu003924,Otu004580,1,0
Otu003953,Otu004580,1,0
Otu003958,Otu004580,1,0
Otu004361,Otu004580,1,0
Otu004362,Otu004580,1,0
Otu004366,Otu004580,1,0
Otu004367,Otu004580,1,0
Otu004406,Otu004580,1,0
Otu004407,Otu004580,1,0
Otu004408,Otu004580,1,0
Otu004417,Otu004580,1,0
Otu004441,Otu004580,1,0
Otu004479,Otu004580,1,0
Otu004549,Otu004580,1,0
Otu000274,Otu004678,1,0
Otu000404,Otu004678,1,0
Otu000448,Otu004678,1,0
Otu000463,Otu004678,1,0
Otu000549,Otu004678,1,0
Otu000630,Otu004678,1,0
Otu000662,Otu004678,1,0
Otu000716,Otu004678,1,0
Otu000820,Otu004678,1,0
Otu000857,Otu004678,1,0
Otu000926,Otu004678,1,0
Otu000995,Otu004678,1,0
Otu001230,Otu004678,1,0
Otu001387,Otu004678,1,0
Otu001829,Otu004678,1,0
Otu001971,Otu004678,1,0
Otu002494,Otu004678,1,0
Otu002525,Otu004678,1,0
Otu000492,Otu004688,1,0
Otu000832,Otu004688,1,0
Otu001018,Otu004688,1,0
Otu001423,Otu004688,1,0
Otu001473,Otu004688,1,0
Otu001737,Otu004688,1,0
Otu001802,Otu004688,1,0
Otu003373,Otu004688,1,0
Otu003534,Otu004688,1,0
Otu003535,Otu004688,1,0
Otu003553,Otu004688,1,0
Otu003584,Otu004688,1,0
Otu003605,Otu004688,1,0
Otu003745,Otu004688,1,0
Otu003892,Otu004688,1,0
Otu003894,Otu004688,1,0
Otu003895,Otu004688,1,0
Otu003900,Otu004688,1,0
Otu003903,Otu004688,1,0
Otu003922,Otu004688,1,0
Otu003924,Otu004688,1,0
Otu003953,Otu004688,1,0
Otu003958,Otu004688,1,0
Otu004361,Otu004688,1,0
Otu004362,Otu004688,1,0
Otu004366,Otu004688,1,0
Otu004367,Otu004688,1,0
Otu004406,Otu004688,1,0
Otu004407,Otu004688,1,0
Otu004408,Otu004688,1,0
Otu004417,Otu004688,1,0
Otu004441,Otu004688,1,0
Otu004479,Otu004688,1,0
Otu004549,Otu004688,1,0
Otu004580,Otu004688,1,0
Otu000492,Otu004690,1,0
Otu000832,Otu004690,1,0
Otu001018,Otu004690,1,0
Otu001423,Otu004690,1,0
Otu001473,Otu004690,1,0
Otu001737,Otu004690,1,0
Otu001802,Otu004690,1,0
Otu003373,Otu004690,1,0
Otu003534,Otu004690,1,0
Otu003535,Otu004690,1,0
Otu003553,Otu004690,1,0
Otu003584,Otu004690,1,0
Otu003605,Otu004690,1,0
Otu003745,Otu004690,1,0
Otu003892,Otu004690,1,0
Otu003894,Otu004690,1,0
Otu003895,Otu004690,1,0
Otu003900,Otu004690,1,0
Otu003903,Otu004690,1,0
Otu003922,Otu004690,1,0
Otu003924,Otu004690,1,0
Otu003953,Otu004690,1,0
Otu003958,Otu004690,1,0
Otu004361,Otu004690,1,0
Otu004362,Otu004690,1,0
Otu004366,Otu004690,1,0
Otu004367,Otu004690,1,0
Otu004406,Otu004690,1,0
Otu004407,Otu004690,1,0
Otu004408,Otu004690,1,0
Otu004417,Otu004690,1,0
Otu004441,Otu004690,1,0
Otu004479,Otu004690,1,0
Otu004549,Otu004690,1,0
Otu004580,Otu004690,1,0
Otu004688,Otu004690,1,0
Otu000492,Otu004692,1,0
Otu000832,Otu004692,1,0
Otu001018,Otu004692,1,0
Otu001423,Otu004692,1,0
Otu001473,Otu004692,1,0
Otu001737,Otu004692,1,0
Otu001802,Otu004692,1,0
Otu003373,Otu004692,1,0
Otu003534,Otu004692,1,0
Otu003535,Otu004692,1,0
Otu003553,Otu004692,1,0
Otu003584,Otu004692,1,0
Otu003605,Otu004692,1,0
Otu003745,Otu004692,1,0
Otu003892,Otu004692,1,0
Otu003894,Otu004692,1,0
Otu003895,Otu004692,1,0
Otu003900,Otu004692,1,0
Otu003903,Otu004692,1,0
Otu003922,Otu004692,1,0
Otu003924,Otu004692,1,0
Otu003953,Otu004692,1,0
Otu003958,Otu004692,1,0
Otu004361,Otu004692,1,0
Otu004362,Otu004692,1,0
Otu004366,Otu004692,1,0
Otu004367,Otu004692,1,0
Otu004406,Otu004692,1,0
Otu004407,Otu004692,1,0
Otu004408,Otu004692,1,0
Otu004417,Otu004692,1,0
Otu004441,Otu004692,1,0
Otu004479,Otu004692,1,0
Otu004549,Otu004692,1,0
Otu004580,Otu004692,1,0
Otu004688,Otu004692,1,0
Otu004690,Otu004692,1,0
Otu000976,Otu004696,1,0
Otu000316,Otu004703,1,0
Otu000525,Otu004703,1,0
Otu000547,Otu004703,1,0
Otu000599,Otu004703,1,0
Otu000663,Otu004703,1,0
Otu000752,Otu004703,1,0
Otu000895,Otu004703,1,0
Otu001107,Otu004703,1,0
Otu001251,Otu004703,1,0
Otu001284,Otu004703,1,0
Otu001363,Otu004703,1,0
Otu001415,Otu004703,1,0
Otu001434,Otu004703,1,0
Otu001468,Otu004703,1,0
Otu001618,Otu004703,1,0
Otu002265,Otu004703,1,0
Otu002495,Otu004703,1,0
Otu003225,Otu004703,1,0
Otu004190,Otu004703,1,0
Otu004400,Otu004703,1,0
Otu000090,Otu004744,1,0
Otu000127,Otu004744,1,0
Otu000217,Otu004744,1,0
Otu000572,Otu004744,1,0
Otu001106,Otu004744,1,0
Otu000538,Otu004792,1,0
Otu000686,Otu004792,1,0
Otu000844,Otu004792,1,0
Otu000918,Otu004792,1,0
Otu000950,Otu004792,1,0
Otu001088,Otu004792,1,0
Otu001177,Otu004792,1,0
Otu001368,Otu004792,1,0
Otu001472,Otu004792,1,0
Otu002611,Otu004792,1,0
Otu002626,Otu004792,1,0
Otu003040,Otu004792,1,0
Otu000399,Otu004915,1,0
Otu000202,Otu004955,1,0
Otu000590,Otu004955,1,0
Otu000592,Otu004955,1,0
Otu000682,Otu004955,1,0
Otu000928,Otu004955,1,0
Otu001734,Otu004955,1,0
Otu004090,Otu004955,1,0
Otu000492,Otu004993,1,0
Otu000832,Otu004993,1,0
Otu001018,Otu004993,1,0
Otu001423,Otu004993,1,0
Otu001473,Otu004993,1,0
Otu001737,Otu004993,1,0
Otu001802,Otu004993,1,0
Otu003373,Otu004993,1,0
Otu003534,Otu004993,1,0
Otu003535,Otu004993,1,0
Otu003553,Otu004993,1,0
Otu003584,Otu004993,1,0
Otu003605,Otu004993,1,0
Otu003745,Otu004993,1,0
Otu003892,Otu004993,1,0
Otu003894,Otu004993,1,0
Otu003895,Otu004993,1,0
Otu003900,Otu004993,1,0
Otu003903,Otu004993,1,0
Otu003922,Otu004993,1,0
Otu003924,Otu004993,1,0
Otu003953,Otu004993,1,0
Otu003958,Otu004993,1,0
Otu004361,Otu004993,1,0
Otu004362,Otu004993,1,0
Otu004366,Otu004993,1,0
Otu004367,Otu004993,1,0
Otu004406,Otu004993,1,0
Otu004407,Otu004993,1,0
Otu004408,Otu004993,1,0
Otu004417,Otu004993,1,0
Otu004441,Otu004993,1,0
Otu004479,Otu004993,1,0
Otu004549,Otu004993,1,0
Otu004580,Otu004993,1,0
Otu004688,Otu004993,1,0
Otu004690,Otu004993,1,0
Otu004692,Otu004993,1,0
Otu000586,Otu005027,1,0
Otu000600,Otu005027,1,0
Otu000620,Otu005027,1,0
Otu000675,Otu005027,1,0
Otu000711,Otu005027,1,0
Otu000772,Otu005027,1,0
Otu000775,Otu005027,1,0
Otu000840,Otu005027,1,0
Otu000953,Otu005027,1,0
Otu001074,Otu005027,1,0
Otu001103,Otu005027,1,0
Otu001132,Otu005027,1,0
Otu001417,Otu005027,1,0
Otu001533,Otu005027,1,0
Otu001730,Otu005027,1,0
Otu001913,Otu005027,1,0
Otu001952,Otu005027,1,0
Otu001959,Otu005027,1,0
Otu002016,Otu005027,1,0
Otu003000,Otu005027,1,0
Otu003038,Otu005027,1,0
Otu000376,Otu005084,1,0
Otu000452,Otu005084,1,0
Otu000472,Otu005084,1,0
Otu000503,Otu005084,1,0
Otu000546,Otu005084,1,0
Otu000564,Otu005084,1,0
Otu000573,Otu005084,1,0
Otu000652,Otu005084,1,0
Otu000747,Otu005084,1,0
Otu000808,Otu005084,1,0
Otu000994,Otu005084,1,0
Otu002177,Otu005084,1,0
Otu000543,Otu005091,1,0
Otu004248,Otu005091,1,0
Otu000378,Otu005114,1,0
Otu000687,Otu005114,1,0
Otu000396,Otu005125,1,0
Otu000603,Otu005125,1,0
Otu001184,Otu005125,1,0
Otu003299,Otu005125,1,0
Otu004086,Otu005125,1,0
Otu000586,Otu005157,1,0
Otu000600,Otu005157,1,0
Otu000620,Otu005157,1,0
Otu000675,Otu005157,1,0
Otu000711,Otu005157,1,0
Otu000772,Otu005157,1,0
Otu000775,Otu005157,1,0
Otu000840,Otu005157,1,0
Otu000953,Otu005157,1,0
Otu001074,Otu005157,1,0
Otu001103,Otu005157,1,0
Otu001132,Otu005157,1,0
Otu001417,Otu005157,1,0
Otu001533,Otu005157,1,0
Otu001730,Otu005157,1,0
Otu001913,Otu005157,1,0
Otu001952,Otu005157,1,0
Otu001959,Otu005157,1,0
Otu002016,Otu005157,1,0
Otu003000,Otu005157,1,0
Otu003038,Otu005157,1,0
Otu005027,Otu005157,1,0
Otu001921,Otu005166,1,0
Otu000445,Otu005240,1,0
Otu000481,Otu005240,1,0
Otu000574,Otu005240,1,0
Otu001135,Otu005240,1,0
Otu001205,Otu005240,1,0
Otu001311,Otu005240,1,0
Otu000586,Otu005341,1,0
Otu000600,Otu005341,1,0
Otu000620,Otu005341,1,0
Otu000675,Otu005341,1,0
Otu000711,Otu005341,1,0
Otu000772,Otu005341,1,0
Otu000775,Otu005341,1,0
Otu000840,Otu005341,1,0
Otu000953,Otu005341,1,0
Otu001074,Otu005341,1,0
Otu001103,Otu005341,1,0
Otu001132,Otu005341,1,0
Otu001417,Otu005341,1,0
Otu001533,Otu005341,1,0
Otu001730,Otu005341,1,0
Otu001913,Otu005341,1,0
Otu001952,Otu005341,1,0
Otu001959,Otu005341,1,0
Otu002016,Otu005341,1,0
Otu003000,Otu005341,1,0
Otu003038,Otu005341,1,0
Otu005027,Otu005341,1,0
Otu005157,Otu005341,1,0
Otu000378,Otu005378,1,0
Otu000687,Otu005378,1,0
Otu005114,Otu005378,1,0
Otu000492,Otu005469,1,0
Otu000832,Otu005469,1,0
Otu001018,Otu005469,1,0
Otu001423,Otu005469,1,0
Otu001473,Otu005469,1,0
Otu001737,Otu005469,1,0
Otu001802,Otu005469,1,0
Otu003373,Otu005469,1,0
Otu003534,Otu005469,1,0
Otu003535,Otu005469,1,0
Otu003553,Otu005469,1,0
Otu003584,Otu005469,1,0
Otu003605,Otu005469,1,0
Otu003745,Otu005469,1,0
Otu003892,Otu005469,1,0
Otu003894,Otu005469,1,0
Otu003895,Otu005469,1,0
Otu003900,Otu005469,1,0
Otu003903,Otu005469,1,0
Otu003922,Otu005469,1,0
Otu003924,Otu005469,1,0
Otu003953,Otu005469,1,0
Otu003958,Otu005469,1,0
Otu004361,Otu005469,1,0
Otu004362,Otu005469,1,0
Otu004366,Otu005469,1,0
Otu004367,Otu005469,1,0
Otu004406,Otu005469,1,0
Otu004407,Otu005469,1,0
Otu004408,Otu005469,1,0
Otu004417,Otu005469,1,0
Otu004441,Otu005469,1,0
Otu004479,Otu005469,1,0
Otu004549,Otu005469,1,0
Otu004580,Otu005469,1,0
Otu004688,Otu005469,1,0
Otu004690,Otu005469,1,0
Otu004692,Otu005469,1,0
Otu004993,Otu005469,1,0
Otu000743,Otu005473,1,0
Otu000274,Otu005490,1,0
Otu000404,Otu005490,1,0
Otu000448,Otu005490,1,0
Otu000463,Otu005490,1,0
Otu000549,Otu005490,1,0
Otu000630,Otu005490,1,0
Otu000662,Otu005490,1,0
Otu000716,Otu005490,1,0
Otu000820,Otu005490,1,0
Otu000857,Otu005490,1,0
Otu000926,Otu005490,1,0
Otu000995,Otu005490,1,0
Otu001230,Otu005490,1,0
Otu001387,Otu005490,1,0
Otu001829,Otu005490,1,0
Otu001971,Otu005490,1,0
Otu002494,Otu005490,1,0
Otu002525,Otu005490,1,0
Otu004678,Otu005490,1,0
Otu000432,Otu005513,1,0
Otu001246,Otu005513,1,0
Otu000649,Otu005685,1,0
Otu000866,Otu005685,1,0
Otu000912,Otu005685,1,0
Otu003505,Otu005685,1,0
Otu004340,Otu005689,1,0
Otu000376,Otu005880,1,0
Otu000452,Otu005880,1,0
Otu000472,Otu005880,1,0
Otu000503,Otu005880,1,0
Otu000546,Otu005880,1,0
Otu000564,Otu005880,1,0
Otu000573,Otu005880,1,0
Otu000652,Otu005880,1,0
Otu000747,Otu005880,1,0
Otu000808,Otu005880,1,0
Otu000994,Otu005880,1,0
Otu002177,Otu005880,1,0
Otu005084,Otu005880,1,0
Otu000396,Otu005889,1,0
Otu000603,Otu005889,1,0
Otu001184,Otu005889,1,0
Otu003299,Otu005889,1,0
Otu004086,Otu005889,1,0
Otu005125,Otu005889,1,0
Otu000376,Otu005953,1,0
Otu000452,Otu005953,1,0
Otu000472,Otu005953,1,0
Otu000503,Otu005953,1,0
Otu000546,Otu005953,1,0
Otu000564,Otu005953,1,0
Otu000573,Otu005953,1,0
Otu000652,Otu005953,1,0
Otu000747,Otu005953,1,0
Otu000808,Otu005953,1,0
Otu000994,Otu005953,1,0
Otu002177,Otu005953,1,0
Otu005084,Otu005953,1,0
Otu005880,Otu005953,1,0
Otu000171,Otu006086,1,0
Otu000651,Otu006086,1,0
Otu000586,Otu006253,1,0
Otu000600,Otu006253,1,0
Otu000620,Otu006253,1,0
Otu000675,Otu006253,1,0
Otu000711,Otu006253,1,0
Otu000772,Otu006253,1,0
Otu000775,Otu006253,1,0
Otu000840,Otu006253,1,0
Otu000953,Otu006253,1,0
Otu001074,Otu006253,1,0
Otu001103,Otu006253,1,0
Otu001132,Otu006253,1,0
Otu001417,Otu006253,1,0
Otu001533,Otu006253,1,0
Otu001730,Otu006253,1,0
Otu001913,Otu006253,1,0
Otu001952,Otu006253,1,0
Otu001959,Otu006253,1,0
Otu002016,Otu006253,1,0
Otu003000,Otu006253,1,0
Otu003038,Otu006253,1,0
Otu005027,Otu006253,1,0
Otu005157,Otu006253,1,0
Otu005341,Otu006253,1,0
